dataset_id,keyword_id
01396e33-2c69-47e5-9381-32e717943b96,3
01396e33-2c69-47e5-9381-32e717943b96,8
01396e33-2c69-47e5-9381-32e717943b96,11
01396e33-2c69-47e5-9381-32e717943b96,16
01396e33-2c69-47e5-9381-32e717943b96,49
01396e33-2c69-47e5-9381-32e717943b96,51
01396e33-2c69-47e5-9381-32e717943b96,70
01396e33-2c69-47e5-9381-32e717943b96,99
04556b29-284a-4d2b-8076-928476d64553,3
04556b29-284a-4d2b-8076-928476d64553,11
04556b29-284a-4d2b-8076-928476d64553,16
04556b29-284a-4d2b-8076-928476d64553,49
04556b29-284a-4d2b-8076-928476d64553,51
04556b29-284a-4d2b-8076-928476d64553,64
04556b29-284a-4d2b-8076-928476d64553,72
04556b29-284a-4d2b-8076-928476d64553,101
04556b29-284a-4d2b-8076-928476d64553,102
061ee9d1-a04a-4590-a381-df8527390f68,2
061ee9d1-a04a-4590-a381-df8527390f68,3
061ee9d1-a04a-4590-a381-df8527390f68,11
061ee9d1-a04a-4590-a381-df8527390f68,12
061ee9d1-a04a-4590-a381-df8527390f68,41
061ee9d1-a04a-4590-a381-df8527390f68,121
123aefbb-c9cb-4243-9be3-7f901daf13f7,15
123aefbb-c9cb-4243-9be3-7f901daf13f7,58
123aefbb-c9cb-4243-9be3-7f901daf13f7,60
123aefbb-c9cb-4243-9be3-7f901daf13f7,81
1257e5c1-243f-4ab8-be42-e7433c8ebe70,3
1257e5c1-243f-4ab8-be42-e7433c8ebe70,11
1257e5c1-243f-4ab8-be42-e7433c8ebe70,16
1257e5c1-243f-4ab8-be42-e7433c8ebe70,35
1257e5c1-243f-4ab8-be42-e7433c8ebe70,36
1257e5c1-243f-4ab8-be42-e7433c8ebe70,38
1257e5c1-243f-4ab8-be42-e7433c8ebe70,40
1257e5c1-243f-4ab8-be42-e7433c8ebe70,45
1257e5c1-243f-4ab8-be42-e7433c8ebe70,49
1257e5c1-243f-4ab8-be42-e7433c8ebe70,67
1257e5c1-243f-4ab8-be42-e7433c8ebe70,70
240f1dbc-a3b5-46b1-9b5f-d0d3cbec9378,3
240f1dbc-a3b5-46b1-9b5f-d0d3cbec9378,11
240f1dbc-a3b5-46b1-9b5f-d0d3cbec9378,16
240f1dbc-a3b5-46b1-9b5f-d0d3cbec9378,40
240f1dbc-a3b5-46b1-9b5f-d0d3cbec9378,49
240f1dbc-a3b5-46b1-9b5f-d0d3cbec9378,50
240f1dbc-a3b5-46b1-9b5f-d0d3cbec9378,51
24d2cab2-6a0d-4234-9239-b6ce102ebabd,3
24d2cab2-6a0d-4234-9239-b6ce102ebabd,12
24d2cab2-6a0d-4234-9239-b6ce102ebabd,31
24d2cab2-6a0d-4234-9239-b6ce102ebabd,32
24d2cab2-6a0d-4234-9239-b6ce102ebabd,55
24d2cab2-6a0d-4234-9239-b6ce102ebabd,77
44fe9b0d-d730-43cf-ba7e-d952d55f88f2,5
44fe9b0d-d730-43cf-ba7e-d952d55f88f2,11
44fe9b0d-d730-43cf-ba7e-d952d55f88f2,18
44fe9b0d-d730-43cf-ba7e-d952d55f88f2,27
44fe9b0d-d730-43cf-ba7e-d952d55f88f2,28
44fe9b0d-d730-43cf-ba7e-d952d55f88f2,30
52b8574d-5c95-463b-b375-8edd092cea30,3
52b8574d-5c95-463b-b375-8edd092cea30,11
52b8574d-5c95-463b-b375-8edd092cea30,83
52b8574d-5c95-463b-b375-8edd092cea30,94
5423054a-093c-4239-85be-fa0b36ae0b2e,2
5423054a-093c-4239-85be-fa0b36ae0b2e,3
5423054a-093c-4239-85be-fa0b36ae0b2e,12
6b429c8e-ee5b-451a-883f-b6180ada9286,31
6b429c8e-ee5b-451a-883f-b6180ada9286,33
6b429c8e-ee5b-451a-883f-b6180ada9286,55
6b429c8e-ee5b-451a-883f-b6180ada9286,117
6cba99b1-ea2c-4f8a-b954-3843ecd3a7f0,3
6cba99b1-ea2c-4f8a-b954-3843ecd3a7f0,11
6cba99b1-ea2c-4f8a-b954-3843ecd3a7f0,12
6cba99b1-ea2c-4f8a-b954-3843ecd3a7f0,16
6cba99b1-ea2c-4f8a-b954-3843ecd3a7f0,19
6cba99b1-ea2c-4f8a-b954-3843ecd3a7f0,25
6cba99b1-ea2c-4f8a-b954-3843ecd3a7f0,48
6cba99b1-ea2c-4f8a-b954-3843ecd3a7f0,49
6cba99b1-ea2c-4f8a-b954-3843ecd3a7f0,51
6cba99b1-ea2c-4f8a-b954-3843ecd3a7f0,52
6cba99b1-ea2c-4f8a-b954-3843ecd3a7f0,71
6cba99b1-ea2c-4f8a-b954-3843ecd3a7f0,87
6cba99b1-ea2c-4f8a-b954-3843ecd3a7f0,88
71b309a0-efd2-4e85-8124-37e935c23aef,1
71b309a0-efd2-4e85-8124-37e935c23aef,3
71b309a0-efd2-4e85-8124-37e935c23aef,6
71b309a0-efd2-4e85-8124-37e935c23aef,7
71b309a0-efd2-4e85-8124-37e935c23aef,11
71b309a0-efd2-4e85-8124-37e935c23aef,16
71b309a0-efd2-4e85-8124-37e935c23aef,49
71b309a0-efd2-4e85-8124-37e935c23aef,51
7612202f-1530-41ce-80c7-6e121f5fcadc,2
7612202f-1530-41ce-80c7-6e121f5fcadc,3
7612202f-1530-41ce-80c7-6e121f5fcadc,11
7612202f-1530-41ce-80c7-6e121f5fcadc,12
7612202f-1530-41ce-80c7-6e121f5fcadc,14
7612202f-1530-41ce-80c7-6e121f5fcadc,37
7612202f-1530-41ce-80c7-6e121f5fcadc,76
7612202f-1530-41ce-80c7-6e121f5fcadc,80
7612202f-1530-41ce-80c7-6e121f5fcadc,90
7612202f-1530-41ce-80c7-6e121f5fcadc,91
7612202f-1530-41ce-80c7-6e121f5fcadc,100
89898244-aaae-4591-ba9b-fe5cd81d5924,3
89898244-aaae-4591-ba9b-fe5cd81d5924,11
89898244-aaae-4591-ba9b-fe5cd81d5924,47
89898244-aaae-4591-ba9b-fe5cd81d5924,61
89898244-aaae-4591-ba9b-fe5cd81d5924,76
89898244-aaae-4591-ba9b-fe5cd81d5924,79
9addf54a-7148-459f-b785-0e240414ef7f,3
9addf54a-7148-459f-b785-0e240414ef7f,10
9addf54a-7148-459f-b785-0e240414ef7f,56
aafdfbcd-1cdb-4913-84d5-a03df727680c,3
aafdfbcd-1cdb-4913-84d5-a03df727680c,10
aafdfbcd-1cdb-4913-84d5-a03df727680c,29
ad4be3b8-ac97-4dc1-8dd8-231239d018f2,3
ad4be3b8-ac97-4dc1-8dd8-231239d018f2,11
ad4be3b8-ac97-4dc1-8dd8-231239d018f2,16
ad4be3b8-ac97-4dc1-8dd8-231239d018f2,49
ad4be3b8-ac97-4dc1-8dd8-231239d018f2,51
ad4be3b8-ac97-4dc1-8dd8-231239d018f2,75
afc17416-3781-422d-a4a9-cc55e3a053c8,2
afc17416-3781-422d-a4a9-cc55e3a053c8,3
afc17416-3781-422d-a4a9-cc55e3a053c8,12
b3dc23b6-8c06-4c45-bc65-4cb4ec30bf80,11
b3dc23b6-8c06-4c45-bc65-4cb4ec30bf80,54
b3dc23b6-8c06-4c45-bc65-4cb4ec30bf80,85
b3dc23b6-8c06-4c45-bc65-4cb4ec30bf80,86
b3dc23b6-8c06-4c45-bc65-4cb4ec30bf80,89
b4a417f7-5040-4328-9863-bb8bbb8568c3,3
b4a417f7-5040-4328-9863-bb8bbb8568c3,11
b4a417f7-5040-4328-9863-bb8bbb8568c3,16
b4a417f7-5040-4328-9863-bb8bbb8568c3,38
b4a417f7-5040-4328-9863-bb8bbb8568c3,40
b4a417f7-5040-4328-9863-bb8bbb8568c3,45
b4a417f7-5040-4328-9863-bb8bbb8568c3,49
b4a417f7-5040-4328-9863-bb8bbb8568c3,51
b4a417f7-5040-4328-9863-bb8bbb8568c3,53
b4a417f7-5040-4328-9863-bb8bbb8568c3,70
b92cbf7b-3b1c-4b02-a219-ce5b9bdb030d,3
b92cbf7b-3b1c-4b02-a219-ce5b9bdb030d,11
b92cbf7b-3b1c-4b02-a219-ce5b9bdb030d,16
b92cbf7b-3b1c-4b02-a219-ce5b9bdb030d,21
b92cbf7b-3b1c-4b02-a219-ce5b9bdb030d,24
b92cbf7b-3b1c-4b02-a219-ce5b9bdb030d,38
b92cbf7b-3b1c-4b02-a219-ce5b9bdb030d,40
b92cbf7b-3b1c-4b02-a219-ce5b9bdb030d,45
b92cbf7b-3b1c-4b02-a219-ce5b9bdb030d,49
b92cbf7b-3b1c-4b02-a219-ce5b9bdb030d,51
b92cbf7b-3b1c-4b02-a219-ce5b9bdb030d,70
b92cbf7b-3b1c-4b02-a219-ce5b9bdb030d,95
c088f841-2d79-4c7e-9281-cc65cbae1b06,2
c088f841-2d79-4c7e-9281-cc65cbae1b06,3
c088f841-2d79-4c7e-9281-cc65cbae1b06,8
c088f841-2d79-4c7e-9281-cc65cbae1b06,12
c088f841-2d79-4c7e-9281-cc65cbae1b06,17
c088f841-2d79-4c7e-9281-cc65cbae1b06,63
c088f841-2d79-4c7e-9281-cc65cbae1b06,65
c088f841-2d79-4c7e-9281-cc65cbae1b06,73
c088f841-2d79-4c7e-9281-cc65cbae1b06,74
c088f841-2d79-4c7e-9281-cc65cbae1b06,84
c088f841-2d79-4c7e-9281-cc65cbae1b06,92
c088f841-2d79-4c7e-9281-cc65cbae1b06,93
c839bedc-0d5f-4b02-98a7-671d1f60ac51,11
c839bedc-0d5f-4b02-98a7-671d1f60ac51,20
c839bedc-0d5f-4b02-98a7-671d1f60ac51,26
c839bedc-0d5f-4b02-98a7-671d1f60ac51,96
c839bedc-0d5f-4b02-98a7-671d1f60ac51,97
c839bedc-0d5f-4b02-98a7-671d1f60ac51,98
cea9985f-5e0f-425e-9b7e-e1d122272c56,4
cea9985f-5e0f-425e-9b7e-e1d122272c56,12
d24ae2dd-8399-4b49-8441-3e0318aaf69a,11
d24ae2dd-8399-4b49-8441-3e0318aaf69a,13
d24ae2dd-8399-4b49-8441-3e0318aaf69a,22
d24ae2dd-8399-4b49-8441-3e0318aaf69a,23
d24ae2dd-8399-4b49-8441-3e0318aaf69a,78
d41f9ec2-bf01-4b2a-bd8d-1b3a8424f534,3
d41f9ec2-bf01-4b2a-bd8d-1b3a8424f534,11
d41f9ec2-bf01-4b2a-bd8d-1b3a8424f534,16
d41f9ec2-bf01-4b2a-bd8d-1b3a8424f534,49
d41f9ec2-bf01-4b2a-bd8d-1b3a8424f534,51
d41f9ec2-bf01-4b2a-bd8d-1b3a8424f534,82
daa9ca66-566f-4c2e-a285-d2e217c2a00f,31
daa9ca66-566f-4c2e-a285-d2e217c2a00f,33
daa9ca66-566f-4c2e-a285-d2e217c2a00f,55
daa9ca66-566f-4c2e-a285-d2e217c2a00f,57
eaeb269c-6ac5-4429-a5aa-1fcc07c77933,103
eaeb269c-6ac5-4429-a5aa-1fcc07c77933,104
eaeb269c-6ac5-4429-a5aa-1fcc07c77933,105
eaeb269c-6ac5-4429-a5aa-1fcc07c77933,106
eaeb269c-6ac5-4429-a5aa-1fcc07c77933,107
eaeb269c-6ac5-4429-a5aa-1fcc07c77933,108
eaeb269c-6ac5-4429-a5aa-1fcc07c77933,110
eaeb269c-6ac5-4429-a5aa-1fcc07c77933,111
eaeb269c-6ac5-4429-a5aa-1fcc07c77933,112
eaeb269c-6ac5-4429-a5aa-1fcc07c77933,113
eaeb269c-6ac5-4429-a5aa-1fcc07c77933,114
eaeb269c-6ac5-4429-a5aa-1fcc07c77933,115
eaeb269c-6ac5-4429-a5aa-1fcc07c77933,119
eaeb269c-6ac5-4429-a5aa-1fcc07c77933,120
eed746a8-a682-47c2-86b1-b427398fa2e2,11
eed746a8-a682-47c2-86b1-b427398fa2e2,34
eed746a8-a682-47c2-86b1-b427398fa2e2,116
eed746a8-a682-47c2-86b1-b427398fa2e2,118
f028d40f-3c0e-4a36-8a38-fe18d7aaaa32,3
f028d40f-3c0e-4a36-8a38-fe18d7aaaa32,9
f028d40f-3c0e-4a36-8a38-fe18d7aaaa32,11
f028d40f-3c0e-4a36-8a38-fe18d7aaaa32,16
f028d40f-3c0e-4a36-8a38-fe18d7aaaa32,39
f028d40f-3c0e-4a36-8a38-fe18d7aaaa32,42
f028d40f-3c0e-4a36-8a38-fe18d7aaaa32,43
f028d40f-3c0e-4a36-8a38-fe18d7aaaa32,44
f028d40f-3c0e-4a36-8a38-fe18d7aaaa32,46
f028d40f-3c0e-4a36-8a38-fe18d7aaaa32,59
f028d40f-3c0e-4a36-8a38-fe18d7aaaa32,66
f028d40f-3c0e-4a36-8a38-fe18d7aaaa32,68
f028d40f-3c0e-4a36-8a38-fe18d7aaaa32,69
f028d40f-3c0e-4a36-8a38-fe18d7aaaa32,109
f95dbd40-1236-428c-acd1-25b7559686be,3
f95dbd40-1236-428c-acd1-25b7559686be,11
f95dbd40-1236-428c-acd1-25b7559686be,16
f95dbd40-1236-428c-acd1-25b7559686be,49
f95dbd40-1236-428c-acd1-25b7559686be,51
f95dbd40-1236-428c-acd1-25b7559686be,62
f95dbd40-1236-428c-acd1-25b7559686be,70
