dataset_id,language_id
01396e33-2c69-47e5-9381-32e717943b96,1
01396e33-2c69-47e5-9381-32e717943b96,2
04556b29-284a-4d2b-8076-928476d64553,1
04556b29-284a-4d2b-8076-928476d64553,2
061ee9d1-a04a-4590-a381-df8527390f68,1
061ee9d1-a04a-4590-a381-df8527390f68,2
123aefbb-c9cb-4243-9be3-7f901daf13f7,1
123aefbb-c9cb-4243-9be3-7f901daf13f7,2
1257e5c1-243f-4ab8-be42-e7433c8ebe70,1
1257e5c1-243f-4ab8-be42-e7433c8ebe70,2
240f1dbc-a3b5-46b1-9b5f-d0d3cbec9378,1
240f1dbc-a3b5-46b1-9b5f-d0d3cbec9378,2
24d2cab2-6a0d-4234-9239-b6ce102ebabd,1
24d2cab2-6a0d-4234-9239-b6ce102ebabd,2
44fe9b0d-d730-43cf-ba7e-d952d55f88f2,1
44fe9b0d-d730-43cf-ba7e-d952d55f88f2,2
52b8574d-5c95-463b-b375-8edd092cea30,1
52b8574d-5c95-463b-b375-8edd092cea30,2
5423054a-093c-4239-85be-fa0b36ae0b2e,1
5423054a-093c-4239-85be-fa0b36ae0b2e,2
6b429c8e-ee5b-451a-883f-b6180ada9286,1
6b429c8e-ee5b-451a-883f-b6180ada9286,2
6cba99b1-ea2c-4f8a-b954-3843ecd3a7f0,1
6cba99b1-ea2c-4f8a-b954-3843ecd3a7f0,2
6cba99b1-ea2c-4f8a-b954-3843ecd3a7f0,3
71b309a0-efd2-4e85-8124-37e935c23aef,1
71b309a0-efd2-4e85-8124-37e935c23aef,2
7612202f-1530-41ce-80c7-6e121f5fcadc,1
7612202f-1530-41ce-80c7-6e121f5fcadc,2
89898244-aaae-4591-ba9b-fe5cd81d5924,1
89898244-aaae-4591-ba9b-fe5cd81d5924,2
9addf54a-7148-459f-b785-0e240414ef7f,1
9addf54a-7148-459f-b785-0e240414ef7f,2
aafdfbcd-1cdb-4913-84d5-a03df727680c,1
aafdfbcd-1cdb-4913-84d5-a03df727680c,2
ad4be3b8-ac97-4dc1-8dd8-231239d018f2,1
ad4be3b8-ac97-4dc1-8dd8-231239d018f2,2
afc17416-3781-422d-a4a9-cc55e3a053c8,1
afc17416-3781-422d-a4a9-cc55e3a053c8,2
b3dc23b6-8c06-4c45-bc65-4cb4ec30bf80,1
b3dc23b6-8c06-4c45-bc65-4cb4ec30bf80,2
b4a417f7-5040-4328-9863-bb8bbb8568c3,1
b4a417f7-5040-4328-9863-bb8bbb8568c3,2
b92cbf7b-3b1c-4b02-a219-ce5b9bdb030d,1
b92cbf7b-3b1c-4b02-a219-ce5b9bdb030d,2
c088f841-2d79-4c7e-9281-cc65cbae1b06,1
c088f841-2d79-4c7e-9281-cc65cbae1b06,2
c088f841-2d79-4c7e-9281-cc65cbae1b06,3
c839bedc-0d5f-4b02-98a7-671d1f60ac51,1
c839bedc-0d5f-4b02-98a7-671d1f60ac51,2
cea9985f-5e0f-425e-9b7e-e1d122272c56,1
cea9985f-5e0f-425e-9b7e-e1d122272c56,2
d24ae2dd-8399-4b49-8441-3e0318aaf69a,1
d24ae2dd-8399-4b49-8441-3e0318aaf69a,2
d41f9ec2-bf01-4b2a-bd8d-1b3a8424f534,1
d41f9ec2-bf01-4b2a-bd8d-1b3a8424f534,2
daa9ca66-566f-4c2e-a285-d2e217c2a00f,1
daa9ca66-566f-4c2e-a285-d2e217c2a00f,2
eaeb269c-6ac5-4429-a5aa-1fcc07c77933,1
eaeb269c-6ac5-4429-a5aa-1fcc07c77933,2
eed746a8-a682-47c2-86b1-b427398fa2e2,1
eed746a8-a682-47c2-86b1-b427398fa2e2,2
f028d40f-3c0e-4a36-8a38-fe18d7aaaa32,1
f028d40f-3c0e-4a36-8a38-fe18d7aaaa32,2
f95dbd40-1236-428c-acd1-25b7559686be,1
f95dbd40-1236-428c-acd1-25b7559686be,2
f95dbd40-1236-428c-acd1-25b7559686be,3
